,Energy,Protein,Fat,Carbohydrate,Name,Group
1,344,8.6,1.5,74.5,Gạo nếp cái,Group_1
2,346,8.4,1.6,74.9,Gạo nếp máy (loại thường),Group_1
3,344,8.1,1.3,75.0,Gạo tẻ già,Group_1
4,344,7.9,1.0,75.9,Gạo tẻ máy,Group_1
5,345,7.5,2.7,72.8,Gạo lứt,Group_1
6,331,7.0,3.0,69.0,Kê,Group_1
7,196,4.1,2.3,39.6,Ngô bắp tươi,Group_1
8,354,8.6,4.7,69.4,Ngô vàng hạt khô,Group_1
9,219,6.1,0.5,47.5,Bánh bao,Group_1
10,333,4.0,0.2,78.9,Bánh đa nem,Group_1
11,52,0.9,0.3,11.3,Bánh đúc,Group_1
12,249,7.9,0.8,52.6,Bánh mỳ,Group_1
13,143,3.2,0.4,31.7,Bánh phở,Group_1
14,292,8.0,10.8,40.7,Bánh quẩy,Group_1
15,372,8.6,1.6,80.8,Bỏng ngô,Group_1
16,362,8.2,1.6,78.8,Bột gạo nếp,Group_1
17,359,6.6,0.4,82.2,Bột gạo tẻ,Group_1
18,346,10.3,1.1,73.6,Bột mì,Group_1
19,361,8.3,4.0,73.0,Bột ngô vàng,Group_1
20,110,1.7,-,25.7,Bún,Group_1
21,297,6.1,0.8,66.3,Cốm,Group_1
22,349,11.0,0.9,74.2,Mỳ sợi,Group_1
23,167,3.9,2.2,32.9,Ngô nếp luộc,Group_1
24,115,3.6,0.5,24.0,Củ ấu,Group_2
25,127,3.1,0.2,28.3,Củ cải,Group_2
26,119,1.4,-,28.4,Củ dong,Group_2
27,152,1.1,0.2,36.4,Củ sắn,Group_2
28,119,1.6,0.1,28.0,Củ sắn dây,Group_2
29,350,16.1,0.5,70.3,Củ súng khô (đã bỏ vỏ),Group_2
30,92,1.5,-,21.5,Củ từ,Group_2
31,119,0.8,0.2,28.5,Khoai lang,Group_2
32,116,1.2,0.3,27.1,Khoai lang nghệ,Group_2
33,109,1.5,0.2,25.2,Khoai môn,Group_2
34,98,1.0,0.1,23.3,Khoai nước,Group_2
35,104,0.8,-,25.1,Khoai riềng,Group_2
36,114,1.8,0.1,26.5,Khoai sọ,Group_2
37,93,2.0,0.1,20.9,Khoai tây,Group_2
38,332,0.6,0.1,82.2,Miến dong,Group_2
39,341,0.6,-,84.7,Bột dong lọc,Group_2
40,334,2.2,0.5,80.2,Bột khoai lang,Group_2
41,337,0.2,-,84.1,Bột khoai riềng (bột dao),Group_2
42,345,1.0,0.3,84.4,Bột khoai tây (lọc),Group_2
43,333,2.4,0.5,79.6,Bột sắn,Group_2
44,340,0.7,-,84.3,Bột sắn dây,Group_2
45,333,2.2,0.5,80.0,Khoai lang khô,Group_2
46,330,6.6,0.3,75.1,Khoai tây khô,Group_2
47,525,2.2,35.4,49.3,Khoai tây lát chiên,Group_2
48,340,3.0,0.7,80.3,Sắn khô,Group_2
49,341,1.0,-,84.3,Trân châu sắn,Group_2
50,368,4.8,36.0,6.2,Cùi dừa già,Group_3
51,40,3.5,1.7,2.6,Cùi dừa non,Group_3
52,321,21.8,1.6,54.9,Đậu ve (hạt),Group_3
53,325,24.2,1.7,53.3,Đậu đen (hạt),Group_3
54,320,23.7,2.0,51.9,Đậu đũa (hạt),Group_3
55,318,22.2,1.4,54.1,Đậu Hà lan (hạt),Group_3
56,400,34.0,18.4,24.6,Đậu tương (đậu nành),Group_3
57,327,23.2,2.1,53.8,Đậu trắng hạt (đậu tây),Group_3
58,321,25.8,2.0,50.0,Đậu trứng cuốc,Group_3
59,328,23.4,2.4,53.1,Đậu xanh (đậu tẻ),Group_3
60,638,18.0,59.0,8.7,Hạt dẻ to,Group_3
61,223,4.2,1.1,49.1,Hạt dẻ nhỏ,Group_3
62,363,6.8,1.8,79.8,Hạt điều,Group_3
63,472,17.3,29.0,35.5,Hạt đen,Group_3
64,605,18.4,46.3,28.7,Hạt điều,Group_3
65,166,0.7,1.1,38.3,Hạt mít,Group_3
66,573,27.5,44.5,15.5,Lạc hạt,Group_3
67,178,2.3,13.4,12.1,Quả cóc tươi,Group_3
68,427,20.0,38.0,1.2,Quả dừa hạt tươi,Group_3
69,568,20.1,46.4,17.6,"Vừng (đen, trắng)",Group_3
70,321,49.0,1.0,29.0,Bột đậu tương đã loại béo (đậu nành),Group_3
71,418,41.0,18.0,22.9,Bột đậu tương rang chín,Group_3
72,347,24.6,2.5,56.5,Bột đậu xanh,Group_3
73,575,27.5,45.0,15.0,Bột lạc,Group_3
74,95,10.9,5.4,0.7,Đậu phụ,Group_3
75,414,50.2,20.8,6.5,Đậu phụ chúc,Group_3
76,114,13.4,6.4,0.8,Đậu phụ nướng,Group_3
77,519,35.1,31.8,23.0,Hạt bí đỏ rang,Group_3
78,551,31.8,39.1,18.0,Hạt dẻ đỏ rang (đậu hũ),Group_3
79,583,18.3,49.3,16.4,"Hạt điều khô, chiên dầu",Group_3
80,405,31.1,9.7,48.2,Sữa bột đậu nành,Group_3
81,28,3.1,1.6,0.4,Sữa đậu nành (100g đậu/lít),Group_3
82,37,2.3,0.2,6.4,Tào phớ,Group_3
83,14,0.6,0.02,2.9,Bầu,Group_4
84,12,0.6,-,2.4,Bí đao (bí xanh),Group_4
85,27,0.3,0.1,6.1,Bí ngô,Group_4
86,23,1.2,0.2,4.0,Cà bát,Group_4
87,20,0.6,0.2,4.0,Cà chua,Group_4
88,20,1.5,-,3.6,Cà pháo,Group_4
89,39,1.5,0.2,7.8,"Cà rốt (củ đỏ, vàng)",Group_4
90,292,9.2,1.5,60.4,Cà rốt khô,Group_4
91,22,1.0,-,4.5,Cà tím,Group_4
92,29,1.8,0.1,5.3,Cải bắp,Group_4
93,45,1.9,0.2,9.0,Cải bắp đỏ,Group_4
94,245,18.0,1.6,39.7,Cải bắp khô,Group_4
95,14,1.6,-,1.9,Cải cúc,Group_4
96,15,2.1,0.1,1.3,Cải soong,Group_4
97,17,1.4,0.2,2.4,Cải thảo (cải trắng),Group_4
98,16,1.7,0.2,1.9,Cải xanh,Group_4
99,10,1.0,-,1.5,Cần ta,Group_4
100,48,3.7,0.2,7.9,Cần tây,Group_4
101,74,1.2,0.5,16.4,Chuối xanh,Group_4
102,48,1.3,-,10.8,Củ cải,Group_4
103,21,1.5,0.1,3.6,Củ cải trắng,Group_4
104,220,17.6,1.5,33.9,Củ cải trắng khô,Group_4
105,28,1.0,-,6.0,Củ đậu,Group_4
106,30,2.0,-,5.4,Củ niễng,Group_4
107,14,1.9,-,1.6,Đọt su su (cải non),Group_4
108,5,0.4,-,0.8,Dọc mùng,Group_4
109,16,0.8,0.1,2.9,Dưa chuột,Group_4
110,11,0.8,-,2.0,Dứa gang,Group_4
111,73,5.0,-,13.3,Dọc mùng,Group_4
112,59,6.0,0.4,7.9,Dưa dứa,Group_4
113,72,6.5,0.4,10.6,Đậu Hà Lan,Group_4
114,34,1.9,0.1,6.3,Đậu rồng (quả non),Group_4
115,22,0.8,-,4.6,Đu đủ xanh,Group_4
116,122,2.1,7.9,10.5,Gấc,Group_4
117,79,7.7,1.8,8.0,Giá đậu tương,Group_4
118,44,5.5,0.2,5.1,Giá đậu xanh,Group_4
119,26,1.3,0.4,4.4,Hành củ tươi,Group_4
120,22,1.3,-,4.3,Hành lá (hành hoa),Group_4
121,41,1.8,0.1,8.2,Hành tây,Group_4
122,161,9.5,0.5,29.5,Hạt sen tươi,Group_4
123,334,20.0,2.4,58.0,Hạt sen khô,Group_4
124,18,2.2,0.3,1.5,Hẹ lá,Group_4
125,20,1.5,-,3.5,Hoa chuối,Group_4
126,23,2.9,-,2.8,Hoa lý,Group_4
127,16,0.6,0.3,2.8,Khế,Group_4
128,39,4.3,-,5.4,Lá lốt,Group_4
129,46,7.5,-,4.0,Lá me,Group_4
130,27,3.9,-,2.9,Lá mơ lông,Group_4
131,78,7.0,-,12.6,Lá sắn tươi,Group_4
132,11,1.4,-,1.4,Măng chua,Group_4
133,157,13.0,2.1,21.5,Măng khô,Group_4
134,14,2.2,0.1,1.1,Măng tây,Group_4
135,15,1.7,0.3,1.4,Măng tre,Group_4
136,17,0.9,0.2,2.8,Mướp,Group_4
137,16,0.9,0.2,2.8,Mướp đắng,Group_4
138,10,0.8,0.0,1.8,Mướp Nhật bản,Group_4
139,25,3.8,0.0,2.4,Ngải cứu,Group_4
140,40,2.2,0.2,7.4,Ngô bao tử,Group_4
141,61,1.0,0.1,13.9,Ngô sen,Group_4
142,30,4.9,-,2.5,Nụ su su,Group_4
143,23,1.0,0.3,4.0,Ớt đỏ to,Group_4
144,29,1.3,0.2,5.5,Ớt đỏ nhỏ,Group_4
145,25,1.3,0.2,4.5,Ớt xanh to,Group_4
146,19,0.8,0.0,3.9,Quả đục,Group_4
147,27,1.9,-,4.8,Quả me chua,Group_4
148,18,2.7,-,1.7,Rau bí,Group_4
149,198,11.2,1.1,35.8,Rau câu khô,Group_4
150,25,1.9,0.1,4.1,Rau câu tươi,Group_4
151,14,1.2,0.2,1.8,Rau diếp,Group_4
152,25,2.8,0.3,3.0,Rau dền,Group_4
153,22,2.9,-,2.7,"Rau giấp cá, diếp cá",Group_4
154,21,3.4,0.3,1.1,Rau giền cơm,Group_4
155,41,3.3,0.3,6.2,Rau giền đỏ,Group_4
156,42,3.2,0.4,6.3,Rau giền trắng,Group_4
157,20,2.2,0.6,1.5,Rau húng,Group_4
158,23,2.6,0.3,2.5,Rau khoai lang,Group_4
159,22,2.7,-,2.8,Rau kinh giới,Group_4
160,25,3.1,-,3.1,Rau má rừng,Group_4
161,20,3.2,-,1.8,"Rau má, rau má tía",Group_4
162,14,2.0,-,1.4,Rau móng tỏi,Group_4
163,16,2.6,0.5,0.2,Rau mùi,Group_4
164,25,2.1,0.8,2.4,Rau mùi tàu,Group_4
165,25,3.2,0.4,2.1,Rau muống,Group_4
166,245,34.2,1.8,23.0,Rau muống khô,Group_4
167,15,1.5,-,2.3,Rau ngổ,Group_4
168,35,5.3,-,3.4,Rau ngót,Group_4
169,239,32.2,2.6,21.8,Rau ngót khô,Group_4
170,30,4.7,-,2.8,Rau răm,Group_4
171,28,5.1,-,1.8,Rau rút,Group_4
172,17,1.5,0.4,1.8,Rau xà lách,Group_4
173,18,1.4,-,3.0,Rau sam,Group_4
174,48,6.5,-,5.5,Rau sắng,Group_4
175,18,2.5,-,1.9,Rau tàu bay,Group_4
176,18,2.0,-,2.4,Rau thơm,Group_4
177,19,1.8,-,3.0,Sáu xách,Group_4
178,37,2.8,0.1,6.2,Su hào,Group_4
179,261,20.0,1.4,42.1,Su hào khô,Group_4
180,19,0.8,0.1,3.6,Su su,Group_4
181,30,2.5,0.1,4.8,Súp lơ trắng,Group_4
182,26,3.0,0.3,2.9,Súp lơ xanh,Group_4
183,28,2.6,1.1,1.8,Thìa là,Group_4
184,25,2.9,-,3.4,Tía tô,Group_4
185,121,6.0,0.5,23.0,Tỏi ta,Group_4
186,29,1.4,-,5.9,Tỏi tây (cả lá),Group_4
187,114,2.5,10.0,3.6,Trám đen chín,Group_4
188,37,1.2,1.6,4.4,"Trám xanh sống, trám trắng",Group_4
189,15,2.2,-,1.5,Xương sống mọc,Group_4
190,6,0.6,-,1.0,Cà chua muối,Group_4
191,13,1.3,-,2.0,Cà muối nén,Group_4
192,16,1.5,-,2.5,Cà muối sổi,Group_4
193,18,1.2,-,3.3,Dưa cải bắp,Group_4
194,17,1.8,-,2.4,Dưa cải bẹ,Group_4
195,10,1.1,-,1.3,Dưa cải tía,Group_4
196,13,0.8,-,2.5,Dưa chuột muối,Group_4
197,39,5.0,-,4.8,Đậu gà (đậu xanh),Group_4
198,22,1.4,-,4.0,Hành củ muối,Group_4
199,24,1.3,-,4.7,Kiệu muối,Group_4
200,16,2.5,-,1.5,"Nhút (dưa muối từ mít non, lá đậu xanh non...)",Group_4
201,340,52.5,3.2,25.4,Men bia khô,Group_4
202,95,16.2,1.3,4.5,Men bia tươi,Group_4
203,304,10.6,0.2,65.0,Mộc nhĩ,Group_4
204,274,36.0,4.0,23.5,Nấm hương khô,Group_4
205,39,5.5,0.5,3.1,Nấm mỡ (Nấm tây),Group_4
206,32,4.0,0.3,3.4,Nấm rơm,Group_4
207,57,3.6,3.2,3.4,Nấm thường tươi,Group_4
208,34,4.6,0.8,2.2,,
209,30,0.2,0.0,7.3,Bưởi,Group_5
210,38,0.9,0.1,8.3,Cam,Group_5
211,24,0.9,0.3,4.5,Chanh,Group_5
212,72,1.5,0.0,16.4,Chôm chôm,Group_5
213,292,5.0,0.0,68.0,Chuối khô,Group_5
214,56,0.9,0.3,12.4,Chuối tây,Group_5
215,97,1.5,0.2,22.2,Chuối tiêu,Group_5
216,27,0.6,-,6.2,Dâu gia,Group_5
217,43,1.8,0.4,8.1,Dâu tây,Group_5
218,18,0.5,0.2,3.6,Dưa bở,Group_5
219,16,1.2,0.2,2.3,Dưa hấu,Group_5
220,17,0.3,0.1,3.7,Hồng đỏ,Group_5
221,18,0.4,0.0,4.2,Dưa lê,Group_5
222,29,0.8,-,6.5,Dưa tạ,Group_5
223,38,0.5,0.1,8.8,Dứa tây,Group_5
224,31,0.9,0.2,6.3,Đào,Group_5
225,36,1.0,0.1,7.6,Đu đủ chín,Group_5
226,16,0.4,0.3,3.2,Giổi,Group_5
227,34,1.4,-,7.2,Hồng bi,Group_5
228,29,0.7,0.2,6.0,Hồng đỏ,Group_5
229,38,0.9,-,8.6,Hồng ngâm,Group_5
230,48,0.5,0.7,10.0,Hồng xiêm,Group_5
231,45,0.7,0.2,10.2,Lê,Group_5
232,70,0.6,0.3,16.2,Lựu,Group_5
233,53,1.8,0.6,10.1,Mãng cầu xiêm,Group_5
234,24,0.2,-,5.7,Mắc cọp,Group_5
235,20,0.6,0.2,3.9,Mận,Group_5
236,50,0.6,0.3,11.1,Mít dai,Group_5
237,280,2.9,-,67.0,Mít khô,Group_5
238,62,1.5,-,14.0,Mít mật,Group_5
239,48,0.9,0.4,10.1,Mơ,Group_5
240,273,3.0,1.1,62.8,Mơ khô,Group_5
241,67,0.6,0.4,15.3,"Mướp, quéo",Group_5
242,66,1.6,0.3,14.2,Na,Group_5
243,48,0.9,0.1,10.9,Nhãn,Group_5
244,285,4.3,0.5,65.9,Nhãn khô,Group_5
245,68,0.4,0.2,16.3,Nho ngọt,Group_5
246,14,0.4,-,3.1,Nho ta (nho chua),Group_5
247,13,1.2,-,2.1,Nhót,Group_5
248,38,0.6,1.0,6.8,Ổi,Group_5
249,74,1.8,6.2,2.8,Quả bơ vỏ tím,Group_5
250,101,1.9,9.4,2.3,Quả bơ vỏ xanh,Group_5
251,58,1.8,-,12.8,Quả cóc,Group_5
252,40,1.3,-,8.7,Quả thanh long,Group_5
253,106,4.3,0.4,21.3,Quả trứng gà,Group_5
254,26,0.9,-,5.5,Quả chín (cà vỏ),Group_5
255,39,0.8,0.3,8.3,Quít,Group_5
256,132,2.5,1.6,26.9,Sầu riêng,Group_5
257,38,1.3,-,8.2,Sấu chín,Group_5
258,38,0.8,0.2,8.3,Táo ta,Group_5
259,48,0.5,0.2,11.0,Táo tây,Group_5
260,45,0.7,0.4,9.6,Vải,Group_5
261,260,3.0,1.9,57.6,Vải khô,Group_5
262,42,1.0,-,9.4,Vú sữa,Group_5
263,62,0.6,0.3,14.1,Xoài chín,Group_5
264,56,1.1,0.5,11.7,Quả kiwi,Group_5
265,756,0.5,83.5,0.5,Bơ,Group_6
266,897,0.0,99.7,0.0,"Dầu thảo mộc (Lạc, vừng, cám...)",Group_6
267,827,2.0,91.0,0.0,Mỡ lợn muối,Group_6
268,896,0.0,99.6,0.0,Mỡ lợn nước,Group_6
269,729,0.5,80.7,0.1,Bơ thực vật,Group_6
270,900,0.0,100.0,0.0,Dầu bông,Group_6
271,900,0.0,100.0,0.0,Dầu cám gạo,Group_6
272,900,0.0,100.0,0.0,Dầu cọ,Group_6
273,900,0.0,100.0,0.0,Dầu dừa,Group_6
274,900,0.0,100.0,0.0,Dầu đậu tương,Group_6
275,900,0.0,100.0,0.0,Dầu lạc,Group_6
276,900,0.0,100.0,0.0,Dầu mè,Group_6
277,900,0.0,100.0,0.0,Dầu ngô,Group_6
278,900,0.0,100.0,0.0,Dầu ôliu,Group_6
279,144,19.0,7.5,0.0,Thịt bê mỡ,Group_7
280,85,20.0,0.5,0.0,Thịt bê nạc,Group_7
281,118,21.0,3.8,0.0,Thịt bò loại I,Group_7
282,167,18.0,10.5,0.0,Thịt bò loại II,Group_7
283,127,23.1,3.9,0.0,"Thịt bò, lưng, nạc",Group_7
284,182,21.5,10.7,0.0,"Thịt bò, lưng, nạc và mỡ",Group_7
285,340,17.5,30.0,0.0,Thịt bò cuộn ra ràng,Group_7
286,338,16.0,30.4,0.0,Thịt chó sán,Group_7
287,230,18.0,17.6,0.0,Thịt chó vai,Group_7
288,219,16.4,17.0,0.0,"Thịt cừu, nạc",Group_7
289,122,20.7,4.3,0.0,"Thịt dê, nạc",Group_7
290,141,24.4,4.8,0.0,Thịt gà trống,Group_7
291,199,20.3,13.1,0.0,Thịt gà mái,Group_7
292,218,20.1,15.3,0.0,Thịt gà tây,Group_7
293,94,19.0,2.0,0.0,Thịt gà tây nạc,Group_7
294,394,14.5,37.3,0.0,Thịt lợn mỡ,Group_7
295,139,19.0,7.0,0.0,Thịt lợn nạc,Group_7
296,260,16.5,21.5,0.0,"Thịt lợn nửa nạc, nửa mỡ",Group_7
297,409,14.0,39.2,0.0,Thịt ngỗng,Group_7
298,176,21.5,10.0,0.0,Thịt ngan,Group_7
299,158,21.5,8.0,0.0,Thịt thỏ,Group_7
300,103,23.5,1.0,0.0,Thịt nhím,Group_7
301,97,20.4,1.4,0.9,Thịt rùa,Group_7
302,115,21.9,3.0,0.0,Thịt trâu bắp,Group_7
303,112,20.9,3.1,0.0,Thịt trâu cổ,Group_7
304,112,21.2,3.0,0.0,Thịt trâu đùi,Group_7
305,121,22.8,3.3,0.0,Thịt trâu thăn,Group_7
306,267,17.8,21.8,0.0,Thịt vịt,Group_7
307,67,12.5,1.8,0.3,Bầu dục bò,Group_7
308,81,13.0,3.1,0.3,Bầu dục lợn,Group_7
309,118,23.3,2.7,0.0,Bì lợn,Group_7
310,230,15.7,18.6,0.0,Chân giò lợn (bỏ xương),Group_7
311,97,14.8,4.2,0.0,Dạ dày bò,Group_7
312,85,14.6,2.9,0.0,Dạ dày lợn,Group_7
313,185,18.1,12.5,0.0,Đầu bò,Group_7
314,335,13.4,31.3,0.0,Đầu lợn,Group_7
315,137,19.7,6.5,0.0,Đuôi bò,Group_7
316,467,10.8,47.1,0.0,Đuôi lợn,Group_7
317,109,17.4,3.1,3.0,Gan bò,Group_7
318,111,18.2,3.4,2.0,Gan gà,Group_7
319,116,18.8,3.6,2.0,Gan lợn,Group_7
320,122,17.1,4.7,2.8,Gan vịt,Group_7
321,124,30.2,0.3,0.0,Gân chân bò,Group_7
322,164,13.6,12.1,0.2,Gà lườn,Group_7
323,178,14.2,12.8,1.4,Gầu bò,Group_7
324,167,6.9,15.1,0.8,Lưỡi lợn,Group_7
325,44,7.2,1.3,0.8,Lưỡi lợn (ruột già),Group_7
326,99,21.3,1.3,0.6,Lòng lợn (ruột non),Group_7
327,124,9.0,9.5,0.5,Mề lợn,Group_7
328,123,9.0,9.5,0.4,Ốc bò,Group_7
329,103,15.2,4.7,0.0,Ốc lợn,Group_7
330,92,14.8,3.6,0.0,Phổi bò,Group_7
331,187,17.9,12.8,0.0,Phổi lợn,Group_7
332,126,21.0,4.1,1.3,Sườn lợn (bỏ xương),Group_7
333,89,15.0,3.0,0.6,Tai lợn,Group_7
334,114,16.0,5.5,0.0,Tim bò,Group_7
335,94,15.1,3.2,1.2,Tim gà,Group_7
336,75,18.0,0.2,0.4,Tim lợn,Group_7
337,44,10.7,0.1,0.0,Tiết lợn luộc,Group_7
338,25,5.7,0.1,0.2,Tiết lợn sống,Group_7
339,814,1.1,89.9,0.0,Tủy xương bò,Group_7
340,749,2.3,82.2,0.0,Tủy xương lợn,Group_7
341,326,10.8,24.6,15.4,Ba té,Group_7
342,517,10.8,50.4,5.1,Chả lợn,Group_7
343,416,16.2,39.0,0.0,Dăm bông lợn,Group_7
344,318,23.0,25.0,0.3,Dồi lợn,Group_7
345,114,12.4,7.1,0.0,Giò bò,Group_7
346,357,13.8,33.5,0.0,Giò lợn,Group_7
347,136,21.5,5.5,0.0,Giò thủ lợn,Group_7
348,553,16.0,54.3,0.0,Giò thủ lợn (gói),Group_7
349,585,20.8,55.0,1.7,Lạp xưởng,Group_7
350,153,16.6,6.5,6.9,Nem chạo,Group_7
351,137,21.7,3.7,4.3,Nem chua,Group_7
352,369,46.6,20.3,0.0,Ruốc thịt lợn,Group_7
353,239,51.0,1.6,5.2,Thịt bò khô,Group_7
354,226,50.4,2.7,0.0,Thịt trâu khô,Group_7
355,535,27.2,47.4,0.0,Xúc xích,Group_7
356,342,55.4,13.4,0.0,Bẹc cốc,Group_7
357,130,24.3,3.6,0.0,Châu chấu,Group_7
358,90,20.0,1.1,0.0,Ếch (thịt đùi),Group_7
359,111,13.0,6.5,0.0,Nhộng,Group_7
360,119,17.9,4.5,1.8,Lòng gà (cả bộ),Group_7
361,70,15.8,0.8,0.0,Cá bống,Group_8
362,113,20.1,3.6,0.0,Cá chày,Group_8
363,96,16.0,3.6,0.0,Cá chép,Group_8
364,115,17.6,5.0,0.0,Cá diếc,Group_8
365,96,18.9,2.3,0.0,Cá đối,Group_8
366,87,17.7,1.8,0.0,Cá dứa,Group_8
367,94,18.3,2.3,0.0,Cá dao,Group_8
368,83,18.7,0.9,0.0,Cá đé,Group_8
369,108,19.5,3.3,0.0,Cá dồ,Group_8
370,98,20.1,2.0,0.0,Cá đồng tiền,Group_8
371,136,22.0,5.3,0.0,Cá hồi,Group_8
372,208,43.3,3.9,0.0,"Cá khô (chim, thu, nụ, dè)",Group_8
373,71,16.7,0.5,0.0,Cá lác,Group_8
374,144,15.4,9.1,0.0,Cá mè,Group_8
375,124,17.5,6.0,0.0,Cá mòi (cá sardine),Group_8
376,151,16.8,9.3,0.0,Cá mó,Group_8
377,116,22.1,3.1,0.0,Cá nục,Group_8
378,80,17.5,1.1,0.0,Cá ngác,Group_8
379,87,21.0,0.3,0.0,Cá ngừ,Group_8
380,111,20.2,3.3,0.0,Cá quả,Group_8
381,104,15.9,4.5,0.0,Cá phèn,Group_8
382,97,18.2,2.7,0.0,Cá rô đồng,Group_8
383,126,19.1,5.5,0.0,Cá rô phi,Group_8
384,100,19.7,2.3,0.0,Cá thòi lòi,Group_8
385,73,17.4,0.4,0.0,Cá thờn bơn,Group_8
386,166,18.2,10.3,0.0,Cá thu,Group_8
387,156,20.0,8.4,0.0,Cá thu dào,Group_8
388,110,20.4,3.2,0.0,Cá tráp,Group_8
389,91,17.0,2.6,0.0,Cá trắm cỏ,Group_8
390,173,16.5,11.9,0.0,Cá trê,Group_8
391,166,17.7,10.6,0.0,Cá trích,Group_8
392,127,18.8,5.7,0.0,Cá trôi,Group_8
393,103,17.5,0.6,7.0,Cua bể,Group_8
394,87,12.3,3.3,2.0,Cua đồng,Group_8
395,54,11.9,0.7,0.0,Cua ghẹ,Group_8
396,90,21.5,0.3,0.2,Hải sâm,Group_8
397,45,4.5,0.7,5.1,Hến,Group_8
398,180,18.4,11.7,0.2,Lươn,Group_8
399,291,60.1,4.5,2.5,Mực khô,Group_8
400,73,16.3,0.9,0.0,Mực tươi,Group_8
401,84,11.1,0.7,8.3,Ốc bươu,Group_8
402,63,11.2,0.3,3.9,Ốc đá,Group_8
403,84,11.9,0.7,7.6,Ốc nhồi,Group_8
404,72,12.2,0.7,4.3,Ốc vặn,Group_8
405,83,14.2,2.9,0.0,"Rạm (muối, dỡ)",Group_8
406,77,12.9,2.8,0.0,Rạm tươi,Group_8
407,89,12.4,4.4,0.0,Ruồi,Group_8
408,78,9.5,2.3,4.9,Sò,Group_8
409,58,11.7,1.2,0.0,Tép gạo,Group_8
410,269,59.8,3.0,0.7,Tép khô,Group_8
411,82,17.6,0.9,0.9,Tôm biển,Group_8
412,90,18.4,1.8,0.0,Tôm đồng,Group_8
413,347,75.6,3.8,2.5,Tôm khô,Group_8
414,38,4.6,1.1,2.5,Trai,Group_8
415,676,1.6,59.2,34.1,Bánh phồng tôm rán,Group_8
416,381,3.4,7.4,75.3,Bánh phồng tôm sống,Group_8
417,323,71.2,2.9,3.0,Bẹt cá,Group_8
418,312,65.7,4.1,3.0,Ruốc cá quả,Group_8
419,305,65.5,3.1,3.7,Ruốc tôm,Group_8
420,166,14.8,11.6,0.5,Trứng gà,Group_9
421,327,13.6,29.8,1.0,Lòng đỏ trứng gà,Group_9
422,46,10.3,0.1,1.0,Lòng trắng trứng gà,Group_9
423,184,13.0,14.2,1.0,Trứng vịt,Group_9
424,364,13.6,32.3,4.8,Lòng đỏ trứng vịt,Group_9
425,47,10.7,0.1,0.8,Lòng trắng trứng vịt,Group_9
426,154,13.1,11.1,0.4,Trứng chim cút,Group_9
427,171,20.5,9.9,0.0,Trứng cá,Group_9
428,274,24.6,17.9,3.5,Trứng cá muối,Group_9
429,182,13.6,12.4,4.0,Trứng vịt lộn,Group_9
430,563,44.0,42.2,1.8,Bột trứng,Group_9
431,74,3.9,4.4,4.8,Sữa bò tươi,Group_10
432,69,3.5,4.1,4.5,Sữa dê tươi,Group_10
433,61,1.5,3.0,7.0,Sữa mẹ (sữa người),Group_10
434,61,3.3,3.7,3.6,Sữa chua,Group_10
435,103,3.5,0.0,22.3,Sữa chua vớt béo,Group_10
436,494,27.0,26.0,38.0,Sữa bột toàn phần,Group_10
437,357,35.0,1.0,52.0,Sữa bột tách béo,Group_10
438,336,8.1,8.8,56.0,Sữa đặc có đường Việt Nam,Group_10
439,380,25.5,30.9,0.0,Phô mát,Group_10
440,58,0.5,0.0,13.9,Chuối nước đường,Group_11
441,8,0.3,0.2,1.2,Dưa chuột hộp,Group_11
442,53,0.4,0.1,12.7,Dứa hộp,Group_11
443,680,25.7,59.5,10.3,Lạc chao dầu,Group_11
444,56,0.2,0.0,13.7,Mắc cọp nước đường,Group_11
445,64,0.4,0.1,15.4,Mận nước đường,Group_11
446,198,0.5,0.0,49.1,Mứt bí ngô,Group_11
447,218,0.4,0.0,54.2,Mứt cam có vỏ,Group_11
448,218,0.7,0.0,53.9,Mứt chuối,Group_11
449,208,0.5,0.0,51.5,Mứt dứa,Group_11
450,178,0.4,0.0,44.1,Mứt đu đủ,Group_11
451,62,0.5,0.0,15.0,Nhãn nước đường,Group_11
452,53,0.4,0.1,12.6,Nước dứa hộp,Group_11
453,60,0.4,0.0,14.7,Vải nước đường,Group_11
454,207,24.8,12.0,0.0,Cá thu hộp,Group_11
455,233,22.3,14.4,3.5,Cá trích hộp,Group_11
456,251,16.4,20.6,0.0,Thịt bò hộp,Group_11
457,273,17.0,22.8,0.0,Thịt gà hộp,Group_11
458,344,17.3,29.3,2.7,Thịt lợn hộp,Group_11
459,244,16.0,20.0,0.0,"Thịt lợn, thịt bò xay hộp",Group_11
460,224,19.6,16.2,0.0,Thịt vịt hầm,Group_11
461,346,12.3,1.3,71.3,Bánh bích cốt,Group_12
462,376,8.8,4.5,75.1,Bánh bích quy,Group_12
463,395,3.4,6.6,80.5,Bánh chả,Group_12
464,368,7.5,2.2,79.6,Bánh con cá,Group_12
465,416,15.6,11.5,62.4,Bánh đậu xanh,Group_12
466,492,8.3,24.0,60.7,Bánh kem xốp,Group_12
467,376,3.2,0.3,90.2,Bánh khảo chay,Group_12
468,435,8.3,10.7,76.4,Bánh quế,Group_12
469,449,3.9,17.6,68.8,Bánh sô cô la,Group_12
470,543,4.9,30.4,62.5,Bánh thỏi sô cô la,Group_12
471,369,9.6,3.7,74.2,Bánh trứng nhện,Group_12
472,414,19.6,13.7,53.0,Bột ca cao,Group_12
473,390,0.0,0.0,97.4,Đường cát,Group_12
474,397,0.0,0.0,99.3,Đường kính,Group_12
475,448,2.1,17.2,71.1,Kẹo bơ cứng,Group_12
476,378,0.0,1.3,91.5,Kẹo cà phê,Group_12
477,377,0.0,0.5,93.1,Kẹo cam chanh,Group_12
478,415,0.6,12.2,75.6,Kẹo dứa mềm,Group_12
479,415,0.6,12.2,75.6,Kẹo dừa mềm,Group_12
480,449,10.3,16.5,64.8,Kẹo lạc,Group_12
481,356,5.2,0.0,83.8,Kẹo ngậm bạc hà,Group_12
482,388,1.6,4.6,85.1,Kẹo sô cô la,Group_12
483,390,2.9,5.2,83.0,Kẹo sữa,Group_12
484,417,2.8,6.9,85.9,Kẹo vừng viên,Group_12
485,331,0.2,0.0,82.5,Mạch nha,Group_12
486,327,0.4,0.0,81.3,Mật ong,Group_12
487,431,5.4,8.6,82.9,Mứt lạc,Group_12
488,283,8.2,7.3,46.0,Cary bột,Group_13
489,323,9.1,5.9,58.3,Gừng khô (bột),Group_13
490,29,0.4,0.8,5.1,Gừng tươi,Group_13
491,231,7.0,7.4,34.1,Hạt tiêu,Group_13
492,0,0.0,0.0,0.0,Muối,Group_13
493,295,7.8,9.9,43.8,"Nghệ khô, bột",Group_13
494,25,1.1,0.3,4.4,Nghệ tươi,Group_13
495,227,15.6,4.2,31.8,Ớt khô bột,Group_13
496,26,0.3,-,2.5,Riềng,Group_13
497,65,10.5,0.1,5.6,Magi,Group_13
498,73,14.8,1.5,0.0,Mắm tôm đặc,Group_13
499,44,7.0,0.8,2.1,Mắm tôm loãng,Group_13
500,68,8.7,1.2,5.5,Mắm tép chua,Group_13
501,60,15.0,0.0,0.0,Nước mắm cá (loại đặc biệt),Group_13
502,28,7.1,0.00,0.0,Nước mắm loại I,Group_13
503,21,5.2,0.0,0.0,Nước mắm loại II,Group_13
504,35,5.1,0.01,3.6,Nước mắm cá,Group_13
505,131,32.8,0.0,0.0,Nước mắm cô,Group_13
506,75,3.9,0.1,14.5,Tương ngô,Group_13
507,86,4.3,0.7,15.7,Tương nếp,Group_13
508,37,0.5,0.5,7.6,Tương ớt,Group_13
509,53,6.3,0.04,6.8,Xì dầu,Group_13
510,701,0.0,77.8,0.1,Sốt mayonnaise,Group_13
511,11,0.5,0.0,2.3,"Bia (cồn: 4,5 g)",Group_14
512,0,0.0,0.0,0.0,Cô nhắc (cồn 32 g),Group_14
513,63,0.0,0.0,15.7,Cốc tain (cồn 13 g),Group_14
514,42,0.0,0.0,10.4,Coca cola,Group_14
515,23,0.7,0.2,4.5,Nước cam tươi,Group_14
516,21,0.4,0.0,4.8,Nước dừa non tươi,Group_14
517,19,0.8,0.6,2.6,Nước ép cà chua,Group_14
518,0,0.0,0.0,0.0,Nước khoáng,Group_14
519,24,0.4,0.2,5.1,Nước quít tươi,Group_14
520,0,0.0,0.0,0.0,"Rượu cam, chanh (cồn 24,2 g)",Group_14
521,167,4.0,0.0,37.7,Rượu nếp (80g/24 ml) (cồn 5 g),Group_14
522,273,-,0.0,0.0,Rượu trắng (cồn 39 g),Group_14
523,9,0.2,0.0,2.0,"Rượu vang đỏ (cồn 9,5 g)",Group_14
524,1,0.1,0.0,0.2,"Rượu vang trắng (cồn 9,5 g)",Group_14
525,24,0.2,0.0,5.9,Rượu vang trắng ngọt (cồn 10.2 g),Group_14
526,0,0.0,0.0,0.0,"Rượu Whisky (cồn 35,2 g)",Group_14
